{
  "experiment_name": "e75_bs16_lr0.01_p20_efficientnetv2s",
  "model_name": "efficientnetv2s",
  "batch_size": 16,
  "initial_lr": 0.01,
  "epochs_requested": 75,
  "early_patience": 20,
  "resolution": 224,
  "avg_pixel_error": 70.48069559145556,
  "epochs_trained": 75,
  "final_val_loss": 8.809890747070312,
  "final_val_mae": 6.891260623931885,
  "final_val_mse": 89.68816375732422,
  "best_val_loss": 8.769322395324707
}